#nodes,trips,iterations,setup mean[ms],setup RMS,setup median[ms],setup 98th percentile[ms],time to finish mean[ms],time to finish RMS, time to finish median[ms], time to finish 98th percentile[ms]
10000,2001,10,8.000000,0.000000,8.000000,8.000000,2812.000000,25.388974,2807.000000,2857.000000
10000,1,10,7.700000,0.458258,8.000000,8.000000,3.000000,0.000000,3.000000,3.000000
10000,401,10,8.000000,0.447214,8.000000,8.500000,577.600000,38.374992,565.000000,638.000000
10000,801,10,7.500000,0.500000,7.500000,8.000000,1129.900000,13.560605,1126.000000,1155.500000
10000,1201,10,7.800000,0.400000,8.000000,8.000000,1680.700000,6.229767,1681.500000,1688.500000
10000,1601,10,8.000000,0.000000,8.000000,8.000000,2238.800000,4.019950,2239.500000,2244.000000
