#nodes,trips,iterations,setup mean[ms],setup RMS,setup median[ms],setup 98th percentile[ms],time to finish mean[ms],time to finish RMS, time to finish median[ms], time to finish 98th percentile[ms]
10000,401,10,5.900000,0.300000,6.000000,6.000000,1068.000000,23.920702,1054.500000,1109.500000
10000,801,10,6.000000,0.000000,6.000000,6.000000,2310.200000,437.787802,2117.000000,3142.500000
10000,1201,10,6.100000,0.300000,6.000000,6.500000,3453.500000,804.983385,3128.000000,4761.500000
10000,1601,10,5.900000,0.300000,6.000000,6.000000,4256.500000,174.965282,4204.000000,4498.000000
10000,2001,10,6.000000,0.447214,6.000000,6.500000,5886.600000,1506.273229,5260.000000,8437.500000
10000,1,10,5.900000,0.300000,6.000000,6.000000,4.100000,0.300000,4.000000,4.500000
