#nodes,trips,iterations,setup mean[ms],setup RMS,setup median[ms],setup 98th percentile[ms],time to finish mean[ms],time to finish RMS, time to finish median[ms], time to finish 98th percentile[ms]
10000,1,10,5.000000,0.000000,5.000000,5.000000,4.000000,0.000000,4.000000,4.000000
10000,401,10,5.200000,0.400000,5.000000,6.000000,1060.600000,31.235237,1050.500000,1109.000000
10000,801,10,5.200000,0.400000,5.000000,6.000000,2083.800000,17.543090,2079.500000,2110.000000
10000,1201,10,5.100000,0.300000,5.000000,5.500000,3116.200000,33.159614,3115.500000,3166.500000
10000,1601,10,5.300000,0.458258,5.000000,6.000000,4126.200000,29.532355,4124.500000,4170.000000
10000,2001,10,5.400000,0.489898,5.000000,6.000000,5175.800000,36.273406,5163.000000,5227.500000
