#nodes,trips,iterations,setup mean[ms],setup RMS,setup median[ms],setup 98th percentile[ms],time to finish mean[ms],time to finish RMS, time to finish median[ms], time to finish 98th percentile[ms]
10000,1201,10,5.900000,0.700000,6.000000,7.000000,2640.800000,39.554519,2623.000000,2709.500000
10000,1601,10,6.000000,0.632456,6.000000,7.000000,3537.700000,30.701954,3537.500000,3584.000000
10000,2001,10,5.900000,0.700000,6.000000,7.000000,4401.100000,44.039641,4403.500000,4456.000000
10000,1,10,5.800000,0.600000,6.000000,6.500000,2.300000,0.640312,2.000000,3.500000
10000,401,10,5.600000,0.489898,6.000000,6.000000,886.700000,10.169071,888.500000,898.000000
10000,801,10,5.900000,0.538516,6.000000,6.500000,1763.200000,19.379370,1763.500000,1793.500000
