#nodes,trips,iterations,setup mean[ms],setup RMS,setup median[ms],setup 98th percentile[ms],time to finish mean[ms],time to finish RMS, time to finish median[ms], time to finish 98th percentile[ms]
10000,1601,10,2.200000,0.400000,2.000000,3.000000,1239.400000,15.544774,1232.000000,1263.000000
10000,2001,10,2.000000,0.000000,2.000000,2.000000,1647.200000,11.338430,1646.500000,1664.500000
10000,1,10,2.400000,0.916515,2.000000,4.000000,1.000000,0.000000,1.000000,1.000000
10000,401,10,2.300000,0.458258,2.000000,3.000000,232.100000,2.467793,232.500000,235.500000
10000,801,10,2.000000,0.000000,2.000000,2.000000,552.300000,9.487360,548.500000,568.000000
10000,1201,10,2.100000,0.300000,2.000000,2.500000,864.000000,17.475697,859.500000,891.500000
