#nodes,trips,iterations,setup mean[ms],setup RMS,setup median[ms],setup 98th percentile[ms],time to finish mean[ms],time to finish RMS, time to finish median[ms], time to finish 98th percentile[ms]
10000,2001,10,2.200000,0.400000,2.000000,3.000000,3175.400000,32.683941,3165.500000,3226.000000
10000,1,10,2.500000,0.500000,2.500000,3.000000,1.000000,0.000000,1.000000,1.000000
10000,401,10,2.100000,0.300000,2.000000,2.500000,601.100000,28.426924,594.000000,644.500000
10000,801,10,2.100000,0.300000,2.000000,2.500000,1242.400000,7.241547,1241.000000,1255.500000
10000,1201,10,2.000000,0.000000,2.000000,2.000000,1852.700000,14.852946,1848.500000,1879.000000
10000,1601,10,2.100000,0.300000,2.000000,2.500000,2480.800000,30.505082,2475.500000,2528.000000
