#nodes,trips,iterations,setup mean[ms],setup RMS,setup median[ms],setup 98th percentile[ms],time to finish mean[ms],time to finish RMS, time to finish median[ms], time to finish 98th percentile[ms]
10000,2001,10,2.800000,0.400000,3.000000,3.000000,1697.900000,7.634789,1694.500000,1711.500000
10000,1,10,2.800000,0.400000,3.000000,3.000000,0.600000,0.489898,1.000000,1.000000
10000,401,10,2.800000,0.400000,3.000000,3.000000,341.300000,4.691482,341.000000,348.500000
10000,801,10,2.900000,0.300000,3.000000,3.000000,679.800000,3.187475,679.500000,684.500000
10000,1201,10,3.000000,0.000000,3.000000,3.000000,1017.100000,3.590265,1016.500000,1022.500000
10000,1601,10,2.800000,0.400000,3.000000,3.000000,1358.900000,7.147727,1355.000000,1371.500000
