#nodes,trips,iterations,setup mean[ms],setup RMS,setup median[ms],setup 98th percentile[ms],time to finish mean[ms],time to finish RMS, time to finish median[ms], time to finish 98th percentile[ms]
10000,1000,5,8.000000,0.000000,8.000000,8.000000,1426.000000,15.323185,1434.000000,1440.500000
30000,1000,5,24.400000,0.800000,24.000000,25.000000,7029.400000,14.894294,7030.000000,7043.500000
50000,1000,5,41.000000,1.264911,40.000000,42.500000,11979.800000,86.270273,11928.000000,12072.000000
