#nodes,trips,iterations,setup mean[ms],setup RMS,setup median[ms],setup 98th percentile[ms],time to finish mean[ms],time to finish RMS, time to finish median[ms], time to finish 98th percentile[ms]
10000,1000,5,6.000000,0.000000,6.000000,6.000000,2641.200000,23.387176,2637.000000,2664.500000
30000,1000,5,17.400000,0.489898,17.000000,18.000000,9649.600000,520.052920,9495.000000,10251.500000
50000,1000,5,29.600000,2.244994,29.000000,31.500000,16330.200000,65.438215,16333.000000,16390.000000
