#nodes,trips,iterations,setup mean[ms],setup RMS,setup median[ms],setup 98th percentile[ms],time to finish mean[ms],time to finish RMS, time to finish median[ms], time to finish 98th percentile[ms]
10000,1000,5,5.200000,0.400000,5.000000,5.500000,2630.000000,18.384776,2633.000000,2645.000000
30000,1000,5,17.000000,0.000000,17.000000,17.000000,8986.000000,68.859277,8961.000000,9063.000000
50000,1000,5,28.800000,0.748331,29.000000,29.500000,16196.400000,59.741443,16212.000000,16245.500000
