#nodes,trips,iterations,setup mean[ms],setup RMS,setup median[ms],setup 98th percentile[ms],time to finish mean[ms],time to finish RMS, time to finish median[ms], time to finish 98th percentile[ms]
10000,1000,5,6.200000,0.748331,6.000000,7.000000,2216.400000,37.595744,2197.000000,2256.500000
30000,1000,5,20.600000,1.356466,21.000000,22.000000,10722.200000,156.460091,10787.000000,10837.500000
50000,1000,5,39.800000,2.481935,39.000000,42.500000,17685.600000,180.662780,17763.000000,17836.000000
