#nodes,trips,iterations,setup mean[ms],setup RMS,setup median[ms],setup 98th percentile[ms],time to finish mean[ms],time to finish RMS, time to finish median[ms], time to finish 98th percentile[ms]
10000,1000,5,2.400000,0.489898,2.000000,3.000000,1546.400000,15.265648,1541.000000,1561.500000
30000,1000,5,6.800000,0.748331,7.000000,7.500000,7499.400000,28.075612,7498.000000,7529.500000
50000,1000,5,9.600000,1.200000,9.000000,10.500000,13301.000000,96.556719,13273.000000,13391.000000
