#nodes,trips,iterations,setup mean[ms],setup RMS,setup median[ms],setup 98th percentile[ms],time to finish mean[ms],time to finish RMS, time to finish median[ms], time to finish 98th percentile[ms]
10000,1000,5,2.200000,0.400000,2.000000,2.500000,708.200000,10.495713,711.000000,718.000000
30000,1000,5,6.600000,0.489898,7.000000,7.000000,3374.600000,28.737432,3375.000000,3403.500000
50000,1000,5,11.400000,1.496663,11.000000,13.000000,8765.200000,78.573278,8753.000000,8845.500000
