#nodes,trips,iterations,setup mean[ms],setup RMS,setup median[ms],setup 98th percentile[ms],time to finish mean[ms],time to finish RMS, time to finish median[ms], time to finish 98th percentile[ms]
10000,1000,5,3.000000,0.000000,3.000000,3.000000,854.800000,6.523803,853.000000,861.000000
30000,1000,5,9.000000,0.000000,9.000000,9.000000,2585.800000,20.874865,2594.000000,2603.000000
50000,1000,5,14.000000,0.632456,14.000000,14.500000,4348.800000,78.106082,4333.000000,4416.500000
