#nodes,trips,iterations,setup mean[ms],setup RMS,setup median[ms],setup 98th percentile[ms],time to finish mean[ms],time to finish RMS, time to finish median[ms], time to finish 98th percentile[ms]
10000,1,10,8.400000,2.244994,8.000000,11.500000,2.300000,0.640312,2.000000,3.500000
10000,401,10,7.700000,0.458258,8.000000,8.000000,563.900000,5.539856,562.500000,573.500000
10000,801,10,7.800000,0.400000,8.000000,8.000000,1139.200000,27.567372,1126.500000,1190.000000
10000,1201,10,7.900000,0.300000,8.000000,8.000000,1679.900000,7.930322,1681.000000,1689.500000
10000,1601,10,7.500000,0.500000,7.500000,8.000000,2236.600000,6.135145,2235.500000,2246.500000
10000,2001,10,7.800000,0.400000,8.000000,8.000000,2812.600000,33.293243,2805.500000,2862.000000
