#nodes,trips,iterations,setup mean[ms],setup RMS,setup median[ms],setup 98th percentile[ms],time to finish mean[ms],time to finish RMS, time to finish median[ms], time to finish 98th percentile[ms]
10000,1,10,6.000000,0.000000,6.000000,6.000000,4.100000,0.300000,4.000000,4.500000
10000,401,10,5.900000,0.300000,6.000000,6.000000,1062.400000,11.412274,1059.000000,1080.500000
10000,801,10,5.800000,0.400000,6.000000,6.000000,2146.800000,119.482886,2106.000000,2318.500000
10000,1201,10,5.700000,0.458258,6.000000,6.000000,3466.600000,782.429192,3136.500000,4776.500000
10000,1601,10,6.000000,0.632456,6.000000,7.000000,4268.100000,211.255509,4178.500000,4634.500000
10000,2001,10,6.000000,0.000000,6.000000,6.000000,5549.800000,466.522411,5272.000000,6340.000000
