#nodes,trips,iterations,setup mean[ms],setup RMS,setup median[ms],setup 98th percentile[ms],time to finish mean[ms],time to finish RMS, time to finish median[ms], time to finish 98th percentile[ms]
10000,401,10,5.100000,0.300000,5.000000,5.500000,1063.100000,19.351744,1058.000000,1094.500000
10000,801,10,5.300000,0.458258,5.000000,6.000000,2351.600000,742.754360,2070.500000,3495.000000
10000,1201,10,5.100000,0.300000,5.000000,5.500000,3124.100000,42.046284,3103.000000,3194.000000
10000,1601,10,5.000000,0.000000,5.000000,5.000000,4612.600000,1412.044419,4144.000000,6519.500000
10000,2001,10,5.000000,0.000000,5.000000,5.000000,5210.700000,96.947460,5185.500000,5368.000000
10000,1,10,5.300000,0.458258,5.000000,6.000000,4.000000,0.000000,4.000000,4.000000
