#nodes,trips,iterations,setup mean[ms],setup RMS,setup median[ms],setup 98th percentile[ms],time to finish mean[ms],time to finish RMS, time to finish median[ms], time to finish 98th percentile[ms]
10000,1601,10,6.000000,0.632456,6.000000,7.000000,3514.700000,36.805027,3506.000000,3577.000000
10000,2001,10,5.700000,0.458258,6.000000,6.000000,4408.400000,57.841508,4405.500000,4495.000000
10000,1,10,6.100000,0.830662,6.000000,7.500000,2.000000,0.000000,2.000000,2.000000
10000,401,10,5.900000,0.538516,6.000000,6.500000,885.200000,8.829496,885.500000,897.000000
10000,801,10,5.700000,0.640312,6.000000,6.500000,1776.800000,35.552215,1773.500000,1830.000000
10000,1201,10,6.100000,0.300000,6.000000,6.500000,2672.700000,47.981351,2669.500000,2751.000000
