#nodes,trips,iterations,setup mean[ms],setup RMS,setup median[ms],setup 98th percentile[ms],time to finish mean[ms],time to finish RMS, time to finish median[ms], time to finish 98th percentile[ms]
10000,1201,10,2.100000,0.300000,2.000000,2.500000,852.300000,8.319255,853.500000,862.500000
10000,1601,10,2.000000,0.000000,2.000000,2.000000,1245.700000,18.111046,1241.500000,1270.000000
10000,2001,10,2.100000,0.300000,2.000000,2.500000,1653.200000,13.998571,1653.500000,1670.500000
10000,1,10,2.400000,0.916515,2.000000,4.000000,1.000000,0.000000,1.000000,1.000000
10000,401,10,2.000000,0.000000,2.000000,2.000000,234.200000,3.458323,234.000000,239.000000
10000,801,10,2.000000,0.000000,2.000000,2.000000,550.700000,5.496362,549.000000,559.500000
