#nodes,trips,iterations,setup mean[ms],setup RMS,setup median[ms],setup 98th percentile[ms],time to finish mean[ms],time to finish RMS, time to finish median[ms], time to finish 98th percentile[ms]
10000,1,10,2.300000,0.458258,2.000000,3.000000,1.000000,0.000000,1.000000,1.000000
10000,401,10,2.000000,0.000000,2.000000,2.000000,591.000000,8.000000,589.000000,603.500000
10000,801,10,2.100000,0.300000,2.000000,2.500000,1257.200000,8.930845,1254.500000,1273.500000
10000,1201,10,2.000000,0.000000,2.000000,2.000000,1857.500000,5.239275,1858.500000,1864.000000
10000,1601,10,2.400000,0.489898,2.000000,3.000000,2477.100000,6.472248,2474.000000,2487.500000
10000,2001,10,2.200000,0.400000,2.000000,3.000000,3173.000000,21.614810,3173.500000,3202.000000
