#nodes,trips,iterations,setup mean[ms],setup RMS,setup median[ms],setup 98th percentile[ms],time to finish mean[ms],time to finish RMS, time to finish median[ms], time to finish 98th percentile[ms]
10000,1,10,2.600000,0.489898,3.000000,3.000000,0.500000,0.500000,0.500000,1.000000
10000,401,10,2.900000,0.300000,3.000000,3.000000,340.900000,3.935734,339.000000,348.500000
10000,801,10,2.700000,0.458258,3.000000,3.000000,680.100000,12.103305,676.500000,698.000000
10000,1201,10,2.900000,0.300000,3.000000,3.000000,1016.200000,2.821347,1015.000000,1021.500000
10000,1601,10,2.900000,0.300000,3.000000,3.000000,1353.800000,2.521904,1354.500000,1356.500000
10000,2001,10,2.900000,0.300000,3.000000,3.000000,1693.100000,4.867237,1691.500000,1701.500000
