#nodes,trips,iterations,setup mean[ms],setup RMS,setup median[ms],setup 98th percentile[ms],time to finish mean[ms],time to finish RMS, time to finish median[ms], time to finish 98th percentile[ms]
10000,2000,5,7.800000,0.400000,8.000000,8.000000,2845.400000,36.025546,2861.000000,2879.500000
10000,6000,5,8.000000,0.000000,8.000000,8.000000,8446.200000,31.983746,8463.000000,8476.500000
10000,10000,5,8.000000,0.000000,8.000000,8.000000,14036.000000,35.145412,14037.000000,14075.000000
