#nodes,trips,iterations,setup mean[ms],setup RMS,setup median[ms],setup 98th percentile[ms],time to finish mean[ms],time to finish RMS, time to finish median[ms], time to finish 98th percentile[ms]
10000,2000,5,6.000000,0.000000,6.000000,6.000000,5239.400000,64.179748,5222.000000,5296.000000
10000,6000,5,6.000000,0.000000,6.000000,6.000000,20780.600000,10086.841520,15640.000000,28543.000000
10000,10000,5,6.000000,0.000000,6.000000,6.000000,26663.000000,718.883857,26445.000000,27391.500000
