#nodes,trips,iterations,setup mean[ms],setup RMS,setup median[ms],setup 98th percentile[ms],time to finish mean[ms],time to finish RMS, time to finish median[ms], time to finish 98th percentile[ms]
10000,10000,5,5.000000,0.000000,5.000000,5.000000,25931.200000,130.019076,25999.000000,26044.000000
10000,2000,5,5.200000,0.400000,5.000000,5.500000,5239.600000,30.519502,5232.000000,5274.000000
10000,6000,5,5.200000,0.400000,5.000000,5.500000,15672.400000,73.701018,15703.000000,15732.000000
