#nodes,trips,iterations,setup mean[ms],setup RMS,setup median[ms],setup 98th percentile[ms],time to finish mean[ms],time to finish RMS, time to finish median[ms], time to finish 98th percentile[ms]
10000,2000,5,5.800000,0.748331,6.000000,6.500000,4531.400000,30.708956,4519.000000,4560.000000
10000,6000,5,6.400000,0.489898,6.000000,7.000000,13215.600000,43.149044,13240.000000,13255.500000
10000,10000,5,6.200000,0.748331,6.000000,7.000000,22225.800000,225.814437,22162.000000,22477.000000
