#nodes,trips,iterations,setup mean[ms],setup RMS,setup median[ms],setup 98th percentile[ms],time to finish mean[ms],time to finish RMS, time to finish median[ms], time to finish 98th percentile[ms]
10000,10000,5,2.200000,0.400000,2.000000,2.500000,9109.400000,155.096873,9093.000000,9257.000000
10000,2000,5,2.600000,1.200000,2.000000,3.500000,1682.400000,32.078653,1665.000000,1720.500000
10000,6000,5,2.000000,0.000000,2.000000,2.000000,5227.000000,53.422842,5232.000000,5272.500000
