#nodes,trips,iterations,setup mean[ms],setup RMS,setup median[ms],setup 98th percentile[ms],time to finish mean[ms],time to finish RMS, time to finish median[ms], time to finish 98th percentile[ms]
10000,2000,5,2.400000,0.489898,2.000000,3.000000,3173.000000,40.005000,3159.000000,3207.000000
10000,6000,5,2.000000,0.000000,2.000000,2.000000,9543.000000,34.333657,9535.000000,9582.000000
10000,10000,5,2.400000,0.800000,2.000000,3.000000,16171.600000,63.038401,16144.000000,16246.000000
