#nodes,trips,iterations,setup mean[ms],setup RMS,setup median[ms],setup 98th percentile[ms],time to finish mean[ms],time to finish RMS, time to finish median[ms], time to finish 98th percentile[ms]
10000,2000,5,2.600000,0.489898,3.000000,3.000000,1708.000000,10.695794,1703.000000,1719.500000
10000,6000,5,3.000000,0.000000,3.000000,3.000000,5118.000000,21.288495,5120.000000,5139.500000
10000,10000,5,3.000000,0.000000,3.000000,3.000000,8478.600000,11.706409,8478.000000,8489.500000
