#nodes,trips,iterations,setup mean[ms],setup RMS,setup median[ms],setup 98th percentile[ms],time to finish mean[ms],time to finish RMS, time to finish median[ms], time to finish 98th percentile[ms]
125000,5,5,321.400000,9.068627,319.000000,329.000000,526.200000,18.247192,528.000000,543.000000
125000,10,5,328.400000,13.032268,324.000000,341.000000,934.400000,250.387380,806.000000,1128.500000
125000,15,5,326.600000,23.354657,314.000000,346.500000,1085.600000,22.896288,1080.000000,1109.500000
200000,5,5,516.400000,13.395522,511.000000,527.500000,712.000000,3.847077,714.000000,715.500000
200000,10,5,501.400000,10.688311,500.000000,513.000000,1144.600000,13.617636,1147.000000,1158.000000
200000,15,5,513.400000,16.094720,504.000000,530.500000,1639.400000,43.009766,1626.000000,1683.500000
50000,5,5,169.200000,39.091687,173.000000,209.000000,223.400000,21.000952,212.000000,248.500000
50000,10,5,131.200000,6.584831,129.000000,138.000000,354.600000,24.311314,360.000000,376.500000
50000,15,5,135.600000,5.499091,137.000000,140.000000,449.400000,36.456001,474.000000,481.000000
