#nodes,trips,iterations,setup mean[ms],setup RMS,setup median[ms],setup 98th percentile[ms],time to finish mean[ms],time to finish RMS, time to finish median[ms], time to finish 98th percentile[ms]
50000,5,5,123.600000,1.496663,124.000000,125.000000,272.400000,7.172168,271.000000,280.000000
50000,10,5,125.200000,2.135416,125.000000,127.500000,408.600000,44.938180,389.000000,448.500000
50000,15,5,123.400000,0.800000,124.000000,124.000000,511.200000,9.867117,513.000000,521.500000
125000,5,5,311.200000,1.469694,311.000000,312.500000,555.600000,6.053098,555.000000,561.000000
125000,10,5,311.400000,1.019804,311.000000,312.500000,829.600000,10.818503,826.000000,841.500000
125000,15,5,312.600000,2.416609,311.000000,315.500000,1069.400000,37.638278,1074.000000,1110.000000
200000,5,5,502.400000,1.496663,502.000000,504.000000,709.200000,16.773789,709.000000,727.500000
200000,10,5,508.200000,6.493073,504.000000,516.000000,1126.200000,32.817069,1135.000000,1149.000000
200000,15,5,503.400000,3.136877,503.000000,506.500000,1510.000000,45.055521,1504.000000,1550.000000
