#nodes,trips,iterations,setup mean[ms],setup RMS,setup median[ms],setup 98th percentile[ms],time to finish mean[ms],time to finish RMS, time to finish median[ms], time to finish 98th percentile[ms]
200000,10,1,510.000000,0.000000,510.000000,510.000000,1097.000000,0.000000,1097.000000,1097.000000
200000,1,1,503.000000,0.000000,503.000000,503.000000,268.000000,0.000000,268.000000,268.000000
1,10,1,0.000000,0.000000,0.000000,0.000000,0.000000,0.000000,0.000000,0.000000
1,1,1,0.000000,0.000000,0.000000,0.000000,0.000000,0.000000,0.000000,0.000000
