#nodes,trips,iterations,setup mean[ms],setup RMS,setup median[ms],setup 98th percentile[ms],time to finish mean[ms],time to finish RMS, time to finish median[ms], time to finish 98th percentile[ms]
200000,1,1,817.000000,0.000000,817.000000,817.000000,85.000000,0.000000,85.000000,85.000000
200000,10,1,839.000000,0.000000,839.000000,839.000000,927.000000,0.000000,927.000000,927.000000
1,1,1,0.000000,0.000000,0.000000,0.000000,0.000000,0.000000,0.000000,0.000000
1,10,1,0.000000,0.000000,0.000000,0.000000,0.000000,0.000000,0.000000,0.000000
