#nodes,trips,iterations,setup mean[ms],setup RMS,setup median[ms],setup 98th percentile[ms],time to finish mean[ms],time to finish RMS, time to finish median[ms], time to finish 98th percentile[ms]
200000,15,5,905.800000,25.388186,900.000000,929.500000,1434.400000,18.445596,1434.000000,1454.500000
200000,5,5,902.800000,11.052602,904.000000,914.000000,474.400000,4.498889,474.000000,478.500000
200000,10,5,914.400000,12.800000,913.000000,928.500000,1241.400000,578.647250,948.000000,1694.000000
50000,5,5,239.600000,24.270146,233.000000,261.500000,123.200000,11.822013,118.000000,136.000000
50000,10,5,225.400000,3.826225,224.000000,229.500000,233.200000,11.267653,232.000000,243.500000
50000,15,5,219.200000,1.939072,220.000000,221.000000,431.800000,168.044518,347.000000,573.500000
125000,10,5,551.600000,22.615039,538.000000,574.000000,620.400000,140.418802,552.000000,730.000000
125000,15,5,545.600000,8.822698,550.000000,554.000000,829.000000,14.724130,828.000000,842.000000
125000,5,5,544.400000,10.594338,539.000000,556.500000,279.600000,3.826225,278.000000,283.000000
