#nodes,trips,iterations,setup mean[ms],setup RMS,setup median[ms],setup 98th percentile[ms],time to finish mean[ms],time to finish RMS, time to finish median[ms], time to finish 98th percentile[ms]
50000,5,5,235.000000,45.585085,214.000000,270.500000,124.800000,4.833218,124.000000,130.000000
50000,10,5,216.000000,2.828427,217.000000,218.500000,238.800000,12.781236,237.000000,250.500000
50000,15,5,214.200000,1.166190,214.000000,215.500000,355.800000,11.496086,353.000000,369.000000
125000,5,5,531.800000,8.447485,531.000000,540.000000,266.200000,18.410866,258.000000,288.000000
125000,10,5,521.800000,7.833262,521.000000,530.500000,614.400000,98.690628,577.000000,729.000000
125000,15,5,534.000000,29.202740,521.000000,558.500000,895.800000,83.230764,848.000000,990.000000
200000,5,5,864.600000,13.573504,857.000000,880.500000,477.600000,8.593020,480.000000,485.000000
200000,10,5,870.600000,16.169106,862.000000,888.500000,939.600000,40.721493,943.000000,978.000000
200000,15,5,872.400000,17.917589,865.000000,893.000000,1450.200000,22.211709,1453.000000,1468.000000
