#nodes,trips,iterations,setup mean[ms],setup RMS,setup median[ms],setup 98th percentile[ms],time to finish mean[ms],time to finish RMS, time to finish median[ms], time to finish 98th percentile[ms]
200000,10,1,524.000000,0.000000,524.000000,524.000000,581.000000,0.000000,581.000000,581.000000
200000,1,1,453.000000,0.000000,453.000000,453.000000,59.000000,0.000000,59.000000,59.000000
1,10,1,0.000000,0.000000,0.000000,0.000000,0.000000,0.000000,0.000000,0.000000
1,1,1,0.000000,0.000000,0.000000,0.000000,0.000000,0.000000,0.000000,0.000000
