#nodes,trips,iterations,setup mean[ms],setup RMS,setup median[ms],setup 98th percentile[ms],time to finish mean[ms],time to finish RMS, time to finish median[ms], time to finish 98th percentile[ms]
50000,5,5,125.200000,27.744549,107.000000,158.000000,71.200000,4.955805,69.000000,76.500000
50000,10,5,105.400000,2.800000,104.000000,108.500000,135.800000,7.025667,132.000000,143.000000
50000,15,5,103.800000,2.925748,103.000000,106.500000,202.600000,3.498571,204.000000,206.000000
125000,5,5,294.800000,10.457533,298.000000,305.000000,173.400000,4.800000,173.000000,178.000000
125000,10,5,287.000000,4.604346,287.000000,291.500000,336.200000,7.984986,332.000000,344.500000
125000,15,5,289.400000,4.841487,288.000000,295.000000,506.600000,15.147277,500.000000,523.500000
200000,5,5,431.400000,10.818503,426.000000,443.000000,278.000000,8.318654,274.000000,286.000000
200000,10,5,427.000000,4.335897,427.000000,431.500000,552.000000,23.638951,537.000000,580.500000
200000,15,5,438.200000,18.367362,430.000000,456.500000,812.800000,16.868906,824.000000,827.500000
