#nodes,trips,iterations,setup mean[ms],setup RMS,setup median[ms],setup 98th percentile[ms],time to finish mean[ms],time to finish RMS, time to finish median[ms], time to finish 98th percentile[ms]
50000,10,5,52.200000,2.135416,51.000000,54.500000,69.600000,2.727636,68.000000,72.000000
50000,15,5,51.800000,0.979796,51.000000,53.000000,101.000000,1.673320,102.000000,102.500000
50000,5,5,52.600000,1.200000,52.000000,54.000000,33.400000,0.489898,33.000000,34.000000
125000,5,5,127.600000,2.870540,128.000000,130.500000,88.000000,4.604346,86.000000,93.000000
125000,10,5,129.000000,0.894427,129.000000,130.000000,167.200000,1.469694,167.000000,168.500000
125000,15,5,127.800000,2.712932,128.000000,130.500000,350.800000,4.874423,349.000000,355.500000
200000,10,5,307.600000,5.043808,310.000000,312.000000,289.400000,8.957678,294.000000,296.500000
200000,15,5,305.200000,1.326650,305.000000,306.500000,419.400000,6.374951,418.000000,425.500000
200000,5,5,306.000000,2.280351,306.000000,308.500000,144.800000,5.306600,142.000000,150.000000
