#nodes,trips,iterations,setup mean[ms],setup RMS,setup median[ms],setup 98th percentile[ms],time to finish mean[ms],time to finish RMS, time to finish median[ms], time to finish 98th percentile[ms]
200000,5,5,309.600000,3.666061,311.000000,312.500000,404.000000,10.256705,400.000000,413.000000
200000,10,5,312.200000,2.481935,311.000000,315.000000,672.800000,14.176036,678.000000,686.000000
200000,15,5,311.400000,4.317407,313.000000,315.000000,951.600000,10.307279,955.000000,961.500000
50000,5,5,53.600000,1.356466,53.000000,55.000000,79.400000,1.356466,79.000000,81.000000
50000,10,5,54.000000,1.673320,54.000000,55.500000,164.800000,5.878775,165.000000,170.000000
50000,15,5,54.600000,0.800000,54.000000,55.500000,287.800000,8.133880,284.000000,296.000000
125000,5,5,132.200000,1.720465,133.000000,133.500000,267.800000,1.939072,268.000000,269.500000
125000,10,5,133.000000,2.000000,132.000000,134.500000,525.400000,3.072458,524.000000,529.000000
125000,15,5,133.800000,1.833030,134.000000,135.500000,663.400000,12.721635,662.000000,675.000000
