#nodes,trips,iterations,setup mean[ms],setup RMS,setup median[ms],setup 98th percentile[ms],time to finish mean[ms],time to finish RMS, time to finish median[ms], time to finish 98th percentile[ms]
50000,5,5,33.800000,0.748331,34.000000,34.500000,59.800000,2.481935,59.000000,62.500000
50000,10,5,34.800000,0.748331,35.000000,35.500000,120.800000,5.775812,122.000000,125.500000
50000,15,5,34.200000,1.469694,34.000000,35.500000,177.600000,6.280127,177.000000,184.500000
125000,5,5,88.800000,3.544009,88.000000,92.500000,150.600000,4.498889,151.000000,154.500000
125000,10,5,87.200000,4.955805,85.000000,91.500000,302.800000,27.607245,288.000000,331.500000
125000,15,5,86.200000,3.370460,84.000000,90.000000,460.200000,51.828178,440.000000,502.500000
200000,5,5,145.400000,14.840485,138.000000,157.500000,236.600000,3.826225,236.000000,241.000000
200000,10,5,146.000000,17.504285,137.000000,159.500000,479.600000,19.975986,473.000000,499.500000
200000,15,5,138.000000,2.683282,139.000000,140.500000,715.600000,5.748043,718.000000,720.000000
