#nodes,trips,iterations,setup mean[ms],setup RMS,setup median[ms],setup 98th percentile[ms],time to finish mean[ms],time to finish RMS, time to finish median[ms], time to finish 98th percentile[ms]
1,10,1,0.000000,0.000000,0.000000,0.000000,0.000000,0.000000,0.000000,0.000000
1,1,1,0.000000,0.000000,0.000000,0.000000,0.000000,0.000000,0.000000,0.000000
200000,10,1,149.000000,0.000000,149.000000,149.000000,463.000000,0.000000,463.000000,463.000000
200000,1,1,157.000000,0.000000,157.000000,157.000000,42.000000,0.000000,42.000000,42.000000
