#nodes,trips,iterations,setup mean[ms],setup RMS,setup median[ms],setup 98th percentile[ms],time to finish mean[ms],time to finish RMS, time to finish median[ms], time to finish 98th percentile[ms]
50000,5,5,33.800000,0.400000,34.000000,34.000000,48.400000,5.043808,45.000000,53.500000
50000,10,5,34.200000,0.400000,34.000000,34.500000,100.200000,9.987993,96.000000,108.500000
50000,15,5,34.400000,0.489898,34.000000,35.000000,140.600000,3.611094,140.000000,144.000000
125000,5,5,87.800000,0.748331,88.000000,88.500000,116.400000,3.382307,117.000000,119.000000
125000,10,5,87.400000,0.489898,87.000000,88.000000,236.400000,9.583319,235.000000,244.500000
125000,15,5,92.600000,7.002857,88.000000,101.000000,361.800000,11.338430,365.000000,373.500000
200000,5,5,142.400000,6.829348,139.000000,148.000000,181.400000,3.072458,183.000000,184.000000
200000,10,5,147.400000,14.333178,140.000000,159.000000,380.600000,8.867920,379.000000,390.500000
200000,15,5,140.200000,1.469694,141.000000,141.500000,575.200000,28.867975,564.000000,608.500000
